DateTime,product,unit,quantity,price_IDR,expiry_days,storage_temperature_C,day_of_week,is_weekend,predicted_demand,risk_level
2026-04-13,Minyak Goreng,pouch_1L,34,18400,222,24,1,0,86,LOW
2026-03-16,Bawang Putih,kg,33,40700,21,21,1,0,12,MEDIUM
2026-06-07,Saus Inggris,botol,21,24200,340,25,7,1,93,LOW
2026-02-27,Tauge,bungkus_250g,108,5000,3,5,5,1,75,HIGH
2026-01-15,Kusuka,bungkus,81,9300,153,23,4,0,65,MEDIUM
2026-05-11,Kecap Manis,botol,70,10300,346,23,1,0,21,MEDIUM
2026-05-12,Bayam,ikat,79,4200,2,3,2,0,28,HIGH
2026-02-22,Ayam,kg,69,56200,5,2,7,1,19,MEDIUM
2026-03-22,Saus Tiram,botol,69,13500,313,23,7,1,21,MEDIUM
2026-01-04,Minyak Goreng,pouch_1L,82,19000,153,24,7,1,38,MEDIUM
2026-01-14,Indomie,bungkus,67,3200,202,26,3,0,29,MEDIUM
2026-02-09,Timun,kg,62,11700,8,9,1,0,33,MEDIUM
2026-05-04,Lays,bungkus,60,12700,154,23,1,0,43,MEDIUM
2026-03-12,Yogurt,cup,137,9900,24,4,4,0,168,MEDIUM
2026-03-22,Keju,blok_165g,54,23200,34,3,7,1,58,MEDIUM
2026-02-10,Garam,bungkus_500g,26,4100,752,27,2,0,87,LOW
2026-04-09,Chitato,bungkus,105,11400,136,25,4,0,49,MEDIUM
2026-01-01,Udang,kg,23,109000,3,-1,4,0,48,MEDIUM
2026-02-11,Jahe,kg,60,36000,17,22,3,0,41,MEDIUM
2026-05-31,Kecap Hitam,botol,34,10300,192,24,7,1,68,LOW
2026-03-27,Garam,bungkus_500g,85,4200,853,26,5,1,67,MEDIUM
2026-01-28,Chitato,bungkus,63,12400,164,24,3,0,98,LOW
2026-04-02,Bayam,ikat,81,3800,3,2,4,0,15,HIGH
2026-04-26,Jahe,kg,12,32700,22,22,7,1,57,LOW
2026-02-20,Lada Putih,botol,63,16300,297,23,5,1,45,MEDIUM
2026-06-29,Oreo,bungkus,81,10400,158,24,1,0,72,MEDIUM
2026-05-11,Oreo,bungkus,75,9100,121,24,1,0,95,LOW
2026-02-23,Tomat,kg,10,18700,9,13,1,0,28,LOW
2026-06-09,Bakso,bungkus_500g,51,22900,5,0,2,0,82,MEDIUM
2026-02-07,Kentang,kg,78,24100,42,15,6,1,73,MEDIUM
2026-05-24,Air Mineral 250ml,botol,92,2800,708,25,7,1,87,MEDIUM
2026-05-28,Saus Tiram,botol,38,14900,327,25,4,0,81,LOW
2026-06-10,Kecap Ikan,botol,58,17100,190,25,3,0,96,LOW
2026-06-27,Tomat,kg,40,18700,8,11,6,1,46,MEDIUM
2026-04-22,Oreo,bungkus,21,8700,131,27,3,0,15,MEDIUM
2026-02-06,Roti Tawar,bungkus,28,18800,5,25,5,1,39,MEDIUM
2026-06-01,Air Mineral 250ml,botol,43,3300,463,26,1,0,89,LOW
2026-04-22,Bayam,ikat,118,3600,3,3,3,0,39,HIGH
2026-02-23,Kecap Asin,botol,99,9400,340,25,1,0,75,MEDIUM
2026-02-02,Jeruk,kg,30,29400,14,10,1,0,57,LOW
2026-05-25,Air Mineral 250ml,botol,67,3000,381,27,1,0,90,LOW
2026-02-20,Keju,blok_165g,46,23300,59,2,5,1,49,MEDIUM
2026-01-28,Kusuka,bungkus,83,9000,137,25,3,0,83,MEDIUM
2026-01-04,Kecap Asin,botol,83,9100,351,25,7,1,75,MEDIUM
2026-06-07,Minyak Goreng,pouch_1L,65,17500,224,27,7,1,24,MEDIUM
2026-01-24,Minyak Goreng,pouch_1L,65,18300,179,23,6,1,80,MEDIUM
2026-04-26,Timun,kg,41,11400,7,7,7,1,38,MEDIUM
2026-01-25,Lada Putih,botol,114,15600,283,24,7,1,81,MEDIUM
2026-02-01,Kusuka,bungkus,105,8800,116,24,7,1,44,MEDIUM
2026-05-10,Tepung Terigu,bungkus_1kg,36,13000,113,26,7,1,56,LOW
2026-06-19,Tepung Terigu,bungkus_1kg,118,15000,72,25,5,1,76,MEDIUM
2026-05-15,Saus Tiram,botol,64,14400,323,25,5,1,40,MEDIUM
2026-04-25,Tomat,kg,24,18300,10,12,6,1,44,LOW
2026-06-02,Tauge,bungkus_250g,77,4500,2,6,2,0,72,HIGH
2026-04-11,Air Mineral 250ml,botol,27,2900,467,27,6,1,80,LOW
2026-04-13,Daging Babi,kg,15,103300,3,2,1,0,54,MEDIUM
2026-02-24,Kecap Ikan,botol,71,17500,303,23,2,0,30,MEDIUM
2026-06-07,Anggur,kg,26,62000,8,3,7,1,78,LOW
2026-03-31,Kecap Manis,botol,109,11700,316,25,2,0,76,MEDIUM
2026-05-09,Telur,10-butir,53,26200,11,6,6,1,74,LOW
2026-05-09,Apel,kg,70,46400,18,6,6,1,57,MEDIUM
2026-03-17,Tepung Terigu,bungkus_1kg,35,14700,116,26,2,0,65,LOW
2026-03-10,Kusuka,bungkus,113,9900,165,24,2,0,76,MEDIUM
2026-06-25,Timun,kg,48,11200,9,7,4,0,45,MEDIUM
2026-01-10,Udang,kg,43,117000,2,0,6,1,73,MEDIUM
2026-04-06,Telur,10-butir,88,28600,14,3,1,0,18,MEDIUM
2026-05-08,Roti Tawar,bungkus,110,18300,4,24,5,1,117,MEDIUM
2026-05-04,Air Mineral 250ml,botol,52,3000,460,26,1,0,75,LOW
2026-03-08,Telur,10-butir,52,30300,10,6,7,1,64,MEDIUM
2026-05-21,Daun Bawang,ikat,114,2300,5,7,4,0,60,MEDIUM
2026-02-04,Tomat,kg,17,19200,6,11,3,0,38,MEDIUM
2026-04-25,Sasa (MSG),bungkus_250g,26,5200,473,27,6,1,98,LOW
2026-03-16,Minyak Goreng,pouch_1L,55,19700,155,24,1,0,35,MEDIUM
2026-04-11,Yogurt,cup,201,10700,16,5,6,1,277,LOW
2026-04-06,Kentang,kg,32,23600,33,13,1,0,41,LOW
2026-04-09,Sasa (MSG),bungkus_250g,49,5000,443,23,4,0,31,MEDIUM
2026-03-27,Jahe,kg,68,34200,25,22,5,1,33,MEDIUM
2026-05-27,Daun Bawang,ikat,28,2700,5,9,3,0,85,MEDIUM
2026-03-24,Kusuka,bungkus,35,9100,114,26,2,0,83,LOW
2026-05-03,Timun,kg,62,12700,9,10,7,1,38,MEDIUM
2026-02-11,Kecap Hitam,botol,33,11500,254,23,3,0,19,MEDIUM
2026-03-17,Yogurt,cup,123,10700,19,6,2,0,225,LOW
2026-06-17,Lada Putih,botol,28,16200,184,27,3,0,64,LOW
2026-06-14,Saus Inggris,botol,102,21400,244,25,7,1,26,MEDIUM
2026-05-25,Susu UHT,botol_1L,108,20000,12,5,1,0,59,MEDIUM
2026-06-08,Anggur,kg,70,65800,7,3,1,0,53,MEDIUM
2026-03-31,Anggur,kg,48,61800,6,5,2,0,12,MEDIUM
2026-05-06,Melon,buah,111,32300,5,10,3,0,86,MEDIUM
2026-05-11,Jahe,kg,71,34100,30,18,1,0,66,MEDIUM
2026-02-25,Air Mineral 250ml,botol,57,3200,532,27,3,0,20,MEDIUM
2026-03-02,Kusuka,bungkus,40,9600,164,26,1,0,94,LOW
2026-06-13,Kecap Asin,botol,38,9200,226,22,6,1,40,MEDIUM
2026-02-18,Jeruk,kg,24,30800,12,10,3,0,40,LOW
2026-05-24,Tomat,kg,66,17200,10,13,7,1,24,MEDIUM
2026-06-01,Garam,bungkus_500g,27,4000,905,26,1,0,50,LOW
2026-06-27,Garam,bungkus_500g,111,3800,864,23,6,1,66,MEDIUM
2026-06-10,Melon,buah,96,32400,7,14,3,0,43,MEDIUM
2026-05-14,Durian,buah,88,81300,3,14,4,0,61,HIGH
2026-04-19,Udang,kg,42,127500,3,-2,7,1,75,MEDIUM
2026-01-11,Timun,kg,35,13100,7,6,7,1,40,MEDIUM
2026-06-10,Saus Sambal,botol,118,9900,234,25,3,0,15,MEDIUM
2026-04-05,Udang,kg,12,122000,1,2,7,1,74,MEDIUM
2026-03-24,Semangka,buah,104,42300,5,12,2,0,92,MEDIUM
2026-06-22,Jahe,kg,13,36200,15,21,1,0,10,MEDIUM
2026-04-05,Keju,blok_165g,58,22000,83,4,7,1,48,MEDIUM
2026-05-03,Malkist,bungkus,31,7600,124,25,7,1,94,LOW
2026-02-26,Semangka,buah,66,47300,9,11,4,0,37,MEDIUM
2026-03-16,Kecap Hitam,botol,57,9900,217,23,1,0,78,LOW
2026-04-08,Durian,buah,49,74100,4,14,3,0,93,MEDIUM
2026-02-21,Saus Inggris,botol,116,21500,285,24,6,1,111,MEDIUM
2026-03-22,Udang,kg,38,119000,1,-1,7,1,15,HIGH
2026-01-17,Melon,buah,107,38400,9,11,6,1,99,MEDIUM
2026-05-06,Lada Hitam,botol,62,16500,330,25,3,0,89,LOW
2026-04-28,Apel,kg,17,42100,16,4,2,0,13,MEDIUM
2026-06-04,Minyak Goreng,pouch_1L,51,18400,170,25,4,0,64,LOW
2026-01-21,Udang,kg,51,110100,1,2,3,0,31,HIGH
2026-01-12,Tepung Terigu,bungkus_1kg,65,13000,85,26,1,0,48,MEDIUM
2026-06-04,Yogurt,cup,75,10800,28,4,4,0,86,MEDIUM
2026-03-04,Tango,bungkus,80,7600,120,23,3,0,95,MEDIUM
2026-04-09,Nanas,buah,66,15000,5,13,4,0,70,MEDIUM
2026-03-19,Kentang,kg,11,20100,27,15,4,0,54,LOW
2026-04-21,Tomat,kg,27,17500,7,10,2,0,67,MEDIUM
2026-04-29,Kecap Manis,botol,47,11100,196,23,3,0,88,LOW
2026-05-06,Chitato,bungkus,44,11100,114,26,3,0,31,MEDIUM
2026-05-18,Daging Sapi,kg,27,147400,3,1,1,0,56,MEDIUM
2026-04-21,Keju,blok_165g,59,21500,66,5,2,0,97,LOW
2026-01-26,Saus Sambal,botol,78,11000,300,22,1,0,70,MEDIUM
2026-05-30,Timun,kg,79,11400,8,8,6,1,18,MEDIUM
2026-03-03,Minyak Zaitun,botol_500ml,114,91700,606,24,2,0,38,MEDIUM
2026-01-31,Kecap Ikan,botol,55,14800,245,25,6,1,45,MEDIUM
2026-03-16,Daging Babi,kg,15,104700,3,2,1,0,63,MEDIUM
2026-03-03,Ayam,kg,17,52600,5,4,2,0,35,MEDIUM
2026-03-11,Tepung Terigu,bungkus_1kg,87,13200,79,22,3,0,33,MEDIUM
2026-05-20,Kusuka,bungkus,20,9100,126,25,3,0,28,LOW
2026-04-10,Jahe,kg,12,34100,23,22,5,1,50,LOW
2026-05-31,Bawang Bombay,kg,53,38600,15,21,7,1,13,MEDIUM
2026-03-06,Kecap Manis,botol,92,10200,322,24,5,1,37,MEDIUM
2026-04-04,Indomie,bungkus,68,3700,223,24,6,1,99,LOW
2026-03-19,Bawang Putih,kg,18,42100,22,18,4,0,43,LOW
2026-02-09,Tauge,bungkus_250g,79,5300,3,4,1,0,78,HIGH
2026-01-14,Minyak Zaitun,botol_500ml,54,79700,698,24,3,0,99,LOW
2026-03-19,Tepung Terigu,bungkus_1kg,81,13500,101,22,4,0,18,MEDIUM
2026-05-26,Kecap Ikan,botol,91,16700,211,24,2,0,53,MEDIUM
2026-05-05,Saus Inggris,botol,116,21700,332,22,2,0,37,MEDIUM
2026-02-22,Kecap Ikan,botol,70,14800,313,24,7,1,63,MEDIUM
2026-05-15,Keju,blok_165g,61,20500,76,6,5,1,93,LOW
2026-02-02,Minyak Zaitun,botol_500ml,46,93500,456,26,1,0,50,MEDIUM
2026-06-04,Air Mineral 250ml,botol,87,3200,482,24,4,0,80,MEDIUM
2026-04-07,Saus Inggris,botol,32,21500,288,25,2,0,45,LOW
2026-01-15,Minyak Goreng,pouch_1L,27,18000,187,26,4,0,19,MEDIUM
2026-06-22,Ayam,kg,36,56100,5,3,1,0,40,MEDIUM
2026-01-26,Lada Hitam,botol,46,19200,253,24,1,0,83,LOW
2026-02-15,Lada Hitam,botol,31,16700,290,26,7,1,32,MEDIUM
2026-06-20,Daun Bawang,ikat,119,2600,3,7,6,1,98,HIGH
2026-04-02,Indomie,bungkus,28,3700,219,23,4,0,65,LOW
2026-01-11,Tomat,kg,10,17000,6,13,7,1,66,MEDIUM
2026-02-26,Telur,10-butir,82,28100,14,6,4,0,68,MEDIUM
2026-06-24,Yogurt,cup,102,9900,22,4,3,0,176,LOW
2026-03-04,Bayam,ikat,109,4300,4,3,3,0,89,MEDIUM
2026-06-11,Gula Pasir,bungkus_1kg,36,15900,610,25,4,0,57,LOW
2026-06-01,Bayam,ikat,90,3900,2,2,1,0,66,HIGH
2026-01-29,Lada Hitam,botol,41,16200,228,23,4,0,40,MEDIUM
2026-03-25,Sasa (MSG),bungkus_250g,68,4900,422,27,3,0,34,MEDIUM
2026-04-14,Oreo,bungkus,90,9100,213,25,2,0,15,MEDIUM
2026-05-03,Anggur,kg,71,64600,5,6,7,1,49,MEDIUM
2026-01-30,Apel,kg,49,41100,27,4,5,1,33,MEDIUM
2026-06-24,Malkist,bungkus,85,7900,123,23,3,0,52,MEDIUM
2026-01-08,Minyak Goreng,pouch_1L,74,17500,193,25,4,0,17,MEDIUM
2026-04-20,Saus Sambal,botol,116,10200,357,26,1,0,69,MEDIUM
2026-01-08,Telur,10-butir,76,26500,9,6,4,0,81,MEDIUM
2026-03-13,Kusuka,bungkus,86,9800,97,24,5,1,78,MEDIUM
2026-02-04,Roti Tawar,bungkus,107,18400,4,24,3,0,92,MEDIUM
2026-05-24,Daging Babi,kg,46,103500,4,1,7,1,75,MEDIUM
2026-01-07,Bawang Bombay,kg,16,37700,29,22,3,0,42,LOW
2026-05-27,Saus Tiram,botol,48,14600,308,26,3,0,74,LOW
2026-05-28,Bawang Putih,kg,11,45800,31,21,4,0,12,MEDIUM
2026-01-05,Kecap Manis,botol,57,10900,351,24,1,0,23,MEDIUM
2026-03-27,Chitato,bungkus,43,12300,148,23,5,1,114,LOW
2026-04-24,Semangka,buah,33,45400,9,10,5,1,27,MEDIUM
2026-04-13,Yogurt,cup,295,11200,17,3,1,0,61,MEDIUM
2026-01-29,Lays,bungkus,117,10800,107,27,4,0,51,MEDIUM
2026-02-11,Saus Tiram,botol,60,12800,344,22,3,0,52,MEDIUM
2026-05-02,Daun Bawang,ikat,106,2400,5,8,6,1,118,MEDIUM
2026-06-17,Saus Sambal,botol,31,10300,352,22,3,0,67,LOW
2026-06-03,Timun,kg,71,11800,6,9,3,0,67,MEDIUM
2026-02-23,Lada Hitam,botol,84,16500,294,24,1,0,65,MEDIUM
2026-01-29,Timun,kg,20,11800,8,6,4,0,49,LOW
2026-02-08,Kecap Ikan,botol,118,15900,290,26,7,1,81,MEDIUM
2026-02-25,Air Mineral 250ml,botol,55,2800,603,25,3,0,34,MEDIUM
2026-03-22,Lays,bungkus,117,12700,162,23,7,1,104,MEDIUM
2026-02-09,Semangka,buah,20,46700,6,10,1,0,75,MEDIUM
2026-02-08,Kecap Asin,botol,22,10900,281,23,7,1,69,LOW
2026-01-12,Anggur,kg,53,70400,9,2,1,0,68,LOW
2026-03-15,Oreo,bungkus,66,9600,207,25,7,1,31,MEDIUM
2026-01-08,Indomie,bungkus,40,3600,233,23,4,0,95,LOW
2026-03-30,Daun Bawang,ikat,34,2700,3,7,1,0,73,MEDIUM
2026-02-16,Roti Tawar,bungkus,29,19500,5,23,1,0,30,MEDIUM
2026-03-27,Susu UHT,botol_1L,33,19800,7,4,5,1,111,MEDIUM
2026-06-25,Keju,blok_165g,78,23100,81,4,4,0,96,MEDIUM
2026-05-26,Lada Putih,botol,36,15300,287,26,2,0,28,MEDIUM
2026-02-14,Saus Sambal,botol,22,11100,287,22,6,1,61,LOW
2026-01-04,Minyak Goreng,pouch_1L,105,18900,152,27,7,1,46,MEDIUM
2026-06-19,Chitato,bungkus,85,11400,123,25,5,1,82,MEDIUM
2026-01-13,Jahe,kg,27,38000,20,21,2,0,41,LOW
2026-01-29,Oreo,bungkus,112,9500,176,26,4,0,76,MEDIUM
2026-05-01,Bawang Bombay,kg,39,38700,18,18,5,1,40,MEDIUM
2026-06-26,Daging Sapi,kg,54,139100,3,3,5,1,27,HIGH
2026-05-26,Kecap Manis,botol,44,9900,252,22,2,0,62,LOW
2026-05-01,Kentang,kg,77,24000,57,17,5,1,25,MEDIUM
2026-06-20,Bakso,bungkus_500g,58,26900,5,4,6,1,84,MEDIUM
2026-06-02,Susu UHT,botol_1L,71,18000,10,6,2,0,18,MEDIUM
2026-03-04,Lays,bungkus,93,11300,92,27,3,0,71,MEDIUM
2026-01-05,Kusuka,bungkus,106,9500,109,24,1,0,63,MEDIUM
2026-03-02,Lada Putih,botol,54,15000,324,25,1,0,64,MEDIUM
2026-06-09,Kecap Asin,botol,32,10800,280,23,2,0,87,LOW
2026-01-11,Sasa (MSG),bungkus_250g,75,4800,388,23,7,1,97,LOW
2026-06-02,Saus Sambal,botol,95,11700,219,22,2,0,56,MEDIUM
2026-01-05,Bawang Putih,kg,68,44200,34,20,1,0,43,MEDIUM
2026-05-13,Tango,bungkus,109,7300,179,27,3,0,32,MEDIUM
2026-01-28,Udang,kg,49,119500,1,0,3,0,54,MEDIUM
2026-03-08,Kecap Ikan,botol,117,16200,212,24,7,1,64,MEDIUM
2026-03-21,Kecap Ikan,botol,111,17200,348,26,6,1,87,MEDIUM
2026-04-17,Lays,bungkus,108,12400,152,25,5,1,80,MEDIUM
2026-06-15,Susu UHT,botol_1L,24,20400,9,3,1,0,59,LOW
2026-05-18,Roti Tawar,bungkus,72,19500,4,25,1,0,44,MEDIUM
2026-01-02,Jeruk,kg,21,26300,11,10,5,1,57,LOW
2026-04-23,Sasa (MSG),bungkus_250g,36,4500,522,25,4,0,74,LOW
2026-06-07,Susu UHT,botol_1L,93,18600,12,6,7,1,92,MEDIUM
2026-01-22,Daging Babi,kg,29,116000,4,0,4,0,41,MEDIUM
2026-01-12,Tauge,bungkus_250g,36,5000,2,5,1,0,24,HIGH
2026-04-30,Durian,buah,69,82100,2,16,4,0,28,HIGH
2026-06-13,Kecap Asin,botol,71,9000,318,22,6,1,108,LOW
2026-05-14,Kusuka,bungkus,98,10000,147,24,4,0,46,MEDIUM
2026-06-23,Saus Sambal,botol,48,10800,320,22,2,0,18,MEDIUM
2026-02-08,Nanas,buah,48,14400,5,13,7,1,51,MEDIUM
2026-01-22,Bawang Putih,kg,36,49100,31,21,4,0,12,MEDIUM
2026-01-21,Kusuka,bungkus,99,10400,108,23,3,0,73,MEDIUM
2026-05-11,Telur,10-butir,77,26500,11,4,1,0,52,MEDIUM
2026-03-05,Oreo,bungkus,44,9300,134,26,4,0,38,MEDIUM
2026-01-27,Keju,blok_165g,79,20700,58,6,2,0,60,MEDIUM
2026-01-08,Nanas,buah,46,15100,6,14,4,0,60,MEDIUM
2026-06-21,Kentang,kg,69,22500,35,13,7,1,80,MEDIUM
2026-01-17,Chitato,bungkus,103,10800,149,27,6,1,27,MEDIUM
2026-04-27,Ayam,kg,20,51100,2,1,1,0,22,MEDIUM
2026-03-05,Durian,buah,114,71900,2,13,4,0,52,HIGH
2026-02-02,Saus Inggris,botol,60,23000,358,22,1,0,22,MEDIUM
2026-05-25,Daun Bawang,ikat,65,2300,4,9,1,0,46,MEDIUM
2026-05-28,Air Mineral 250ml,botol,93,2700,712,24,4,0,54,MEDIUM
2026-02-02,Sasa (MSG),bungkus_250g,96,4500,475,24,1,0,44,MEDIUM
2026-05-30,Kecap Hitam,botol,85,11100,353,23,6,1,62,MEDIUM
2026-05-23,Saus Sambal,botol,63,12000,240,24,6,1,75,MEDIUM
2026-05-03,Bakso,bungkus_500g,28,25600,3,1,7,1,24,HIGH
2026-01-08,Keju,blok_165g,69,23200,76,4,4,0,76,MEDIUM
2026-05-07,Susu UHT,botol_1L,94,19200,12,3,4,0,98,MEDIUM
2026-01-22,Tepung Terigu,bungkus_1kg,22,13100,73,24,4,0,55,LOW
2026-01-12,Tomat,kg,21,17900,7,11,1,0,22,MEDIUM
2026-05-27,Pringles,kaleng,119,22500,298,27,3,0,59,MEDIUM
2026-02-01,Chitato,bungkus,101,12000,111,27,7,1,100,MEDIUM
2026-04-06,Sasa (MSG),bungkus_250g,78,4600,602,25,1,0,17,MEDIUM
2026-04-03,Nanas,buah,116,14900,8,11,5,1,25,MEDIUM
2026-01-24,Melon,buah,56,36600,10,13,6,1,21,MEDIUM
2026-06-01,Malkist,bungkus,68,7600,155,24,1,0,65,MEDIUM
2026-04-27,Saus Sambal,botol,119,11200,343,23,1,0,80,MEDIUM
2026-04-25,Daun Bawang,ikat,22,2600,5,6,6,1,38,MEDIUM
2026-04-09,Tepung Terigu,bungkus_1kg,27,13300,73,23,4,0,56,LOW
2026-04-29,Kecap Manis,botol,88,11000,241,25,3,0,52,MEDIUM
2026-05-05,Kusuka,bungkus,33,9700,159,23,2,0,98,LOW
2026-05-03,Bayam,ikat,47,4300,2,2,7,1,96,MEDIUM
2026-06-17,Daun Bawang,ikat,75,2700,5,8,3,0,50,MEDIUM
2026-01-10,Daging Sapi,kg,23,145600,3,3,6,1,30,MEDIUM
2026-04-04,Sasa (MSG),bungkus_250g,20,4700,530,26,6,1,22,MEDIUM
2026-01-01,Melon,buah,47,34000,8,14,4,0,51,MEDIUM
2026-02-18,Oreo,bungkus,63,9700,198,26,3,0,70,MEDIUM
2026-05-28,Malkist,bungkus,97,6900,156,26,4,0,16,MEDIUM
2026-01-26,Minyak Goreng,pouch_1L,20,17800,236,25,1,0,49,LOW
2026-03-10,Air Mineral 250ml,botol,70,3100,635,27,2,0,92,LOW
2026-02-12,Saus Sambal,botol,108,12000,218,24,4,0,64,MEDIUM
2026-06-27,Tomat,kg,53,16700,10,14,6,1,56,MEDIUM
2026-02-21,Apel,kg,59,47100,21,3,6,1,61,MEDIUM
2026-03-26,Telur,10-butir,27,27700,11,3,4,0,43,LOW
2026-02-24,Tepung Terigu,bungkus_1kg,62,12600,77,22,2,0,88,LOW
2026-01-26,Keju,blok_165g,66,20300,54,5,1,0,90,LOW
2026-02-02,Telur,10-butir,38,28900,11,6,1,0,45,MEDIUM
2026-04-15,Tepung Terigu,bungkus_1kg,81,15400,65,22,3,0,80,MEDIUM
2026-06-10,Sasa (MSG),bungkus_250g,108,5300,604,27,3,0,62,MEDIUM
2026-06-08,Sasa (MSG),bungkus_250g,94,5200,461,26,1,0,82,MEDIUM
2026-04-12,Anggur,kg,79,68400,5,4,7,1,51,MEDIUM
2026-04-19,Bawang Putih,kg,10,43200,26,18,7,1,39,LOW
2026-05-23,Telur,10-butir,95,28400,9,5,6,1,102,MEDIUM
2026-04-03,Bayam,ikat,52,4000,4,5,5,1,75,MEDIUM
2026-04-12,Tepung Terigu,bungkus_1kg,30,14500,69,23,7,1,103,LOW
2026-06-23,Yogurt,cup,52,11300,29,3,2,0,124,LOW
2026-06-05,Minyak Goreng,pouch_1L,45,17600,217,27,5,1,46,MEDIUM
2026-02-13,Saus Tiram,botol,34,14700,249,23,5,1,68,LOW
2026-04-18,Lada Hitam,botol,40,17800,259,27,6,1,44,MEDIUM
2026-05-04,Nanas,buah,44,16300,7,14,1,0,50,MEDIUM
2026-05-21,Tauge,bungkus_250g,38,4700,1,7,4,0,48,MEDIUM
2026-01-27,Minyak Goreng,pouch_1L,47,18300,225,26,2,0,49,MEDIUM
2026-06-07,Durian,buah,21,82200,3,13,7,1,75,MEDIUM
2026-04-04,Bawang Putih,kg,16,48200,26,22,6,1,48,LOW
2026-06-08,Susu UHT,botol_1L,82,20100,11,3,1,0,70,MEDIUM
2026-02-05,Melon,buah,87,37200,8,14,4,0,21,MEDIUM
2026-04-16,Kusuka,bungkus,32,10100,175,26,4,0,36,MEDIUM
2026-05-17,Tepung Terigu,bungkus_1kg,28,14300,117,22,7,1,34,MEDIUM
2026-05-05,Lada Putih,botol,91,14600,333,25,2,0,38,MEDIUM
2026-02-06,Daging Babi,kg,59,117100,4,1,5,1,39,MEDIUM
2026-03-30,Durian,buah,38,69700,4,14,1,0,50,MEDIUM
2026-03-10,Kusuka,bungkus,68,9000,170,27,2,0,47,MEDIUM
2026-05-23,Kecap Asin,botol,111,10100,317,22,6,1,102,MEDIUM
2026-03-19,Jahe,kg,66,38400,16,22,4,0,34,MEDIUM
2026-05-26,Daging Sapi,kg,51,143400,2,0,2,0,63,MEDIUM
2026-01-24,Pringles,kaleng,38,25100,221,27,6,1,98,LOW
2026-02-05,Kecap Ikan,botol,116,15000,315,22,4,0,50,MEDIUM
2026-05-03,Bakso,bungkus_500g,60,24700,6,1,7,1,98,MEDIUM
2026-01-05,Chitato,bungkus,46,11600,161,24,1,0,46,MEDIUM
2026-03-08,Chitato,bungkus,77,10800,91,26,7,1,20,MEDIUM
2026-01-02,Saus Inggris,botol,100,23000,209,25,5,1,58,MEDIUM
2026-01-08,Tauge,bungkus_250g,63,5500,1,8,4,0,72,MEDIUM
2026-01-31,Kusuka,bungkus,74,9300,119,23,6,1,112,LOW
2026-02-24,Apel,kg,21,43200,21,5,2,0,26,MEDIUM
2026-01-03,Apel,kg,39,41600,21,6,6,1,64,LOW
2026-04-14,Chitato,bungkus,84,11500,159,24,2,0,44,MEDIUM
2026-02-01,Air Mineral 250ml,botol,35,3200,585,27,7,1,108,LOW
2026-05-22,Saus Tiram,botol,116,13300,245,22,5,1,44,MEDIUM
2026-03-26,Ayam,kg,74,58600,3,1,4,0,20,HIGH
2026-02-24,Bakso,bungkus_500g,54,25000,6,4,2,0,36,MEDIUM
2026-01-12,Kusuka,bungkus,68,9600,134,25,1,0,56,MEDIUM
2026-06-07,Kentang,kg,39,23300,36,16,7,1,27,MEDIUM
2026-01-14,Yogurt,cup,192,9500,15,4,3,0,188,MEDIUM
2026-01-20,Durian,buah,29,76100,2,13,2,0,39,MEDIUM
2026-06-13,Indomie,bungkus,33,3600,233,27,6,1,94,LOW
2026-06-29,Daging Sapi,kg,50,134700,2,1,1,0,15,HIGH
2026-05-16,Timun,kg,77,11400,9,9,6,1,40,MEDIUM
2026-01-12,Roti Tawar,bungkus,115,19600,6,23,1,0,27,MEDIUM
2026-03-01,Bakso,bungkus_500g,51,25600,6,2,7,1,68,MEDIUM
2026-01-31,Udang,kg,43,113100,2,0,6,1,22,HIGH
2026-06-27,Indomie,bungkus,75,3800,198,23,6,1,111,LOW
2026-04-09,Timun,kg,37,11000,8,6,4,0,55,LOW
2026-01-04,Daging Babi,kg,49,104100,2,3,7,1,31,HIGH
2026-06-13,Saus Inggris,botol,69,23300,241,26,6,1,92,LOW
2026-01-07,Gula Pasir,bungkus_1kg,111,16400,445,27,3,0,28,MEDIUM
2026-05-10,Gula Pasir,bungkus_1kg,40,17800,673,27,7,1,111,LOW
2026-03-06,Jahe,kg,62,32000,17,18,5,1,32,MEDIUM
2026-05-19,Timun,kg,61,11200,8,7,2,0,64,MEDIUM
2026-02-21,Tango,bungkus,101,8600,161,27,6,1,79,MEDIUM
2026-02-11,Jahe,kg,73,36100,22,18,3,0,26,MEDIUM
2026-05-10,Tango,bungkus,48,8700,179,27,7,1,28,MEDIUM
2026-01-28,Bawang Putih,kg,43,48600,27,18,3,0,17,MEDIUM
2026-03-20,Semangka,buah,79,41900,8,10,5,1,70,MEDIUM
2026-03-28,Kecap Manis,botol,27,10000,266,24,6,1,109,LOW
2026-05-09,Lays,bungkus,70,11100,106,27,6,1,45,MEDIUM
2026-05-28,Timun,kg,67,11500,7,9,4,0,40,MEDIUM
2026-05-23,Anggur,kg,16,60900,7,3,6,1,72,MEDIUM
2026-01-05,Udang,kg,17,108500,1,-2,1,0,19,MEDIUM
2026-03-14,Ayam,kg,59,50800,3,3,6,1,14,HIGH
2026-03-19,Sasa (MSG),bungkus_250g,60,5400,625,27,4,0,76,LOW
2026-06-13,Daun Bawang,ikat,110,2600,3,9,6,1,19,HIGH
2026-01-11,Bawang Bombay,kg,24,43400,22,18,7,1,31,LOW
2026-02-28,Jeruk,kg,31,26500,11,11,6,1,73,LOW
2026-02-01,Pringles,kaleng,40,23100,218,23,7,1,55,LOW
2026-01-12,Sasa (MSG),bungkus_250g,66,5100,508,26,1,0,32,MEDIUM
2026-03-27,Tauge,bungkus_250g,108,5000,1,5,5,1,43,HIGH
2026-01-02,Minyak Goreng,pouch_1L,104,16500,169,25,5,1,111,MEDIUM
2026-05-31,Kentang,kg,53,21600,57,17,7,1,26,MEDIUM
2026-04-07,Daging Sapi,kg,72,146900,2,3,2,0,63,HIGH
2026-04-21,Bayam,ikat,27,3600,2,5,2,0,72,MEDIUM
2026-01-05,Daging Sapi,kg,74,133400,3,1,1,0,13,HIGH
2026-01-10,Timun,kg,55,12300,6,6,6,1,57,MEDIUM
2026-04-22,Jahe,kg,18,35200,23,19,3,0,61,LOW
2026-02-27,Daun Bawang,ikat,100,2400,4,10,5,1,110,MEDIUM
2026-05-01,Melon,buah,94,32500,10,12,5,1,36,MEDIUM
2026-04-11,Daging Babi,kg,13,116200,3,2,6,1,34,MEDIUM
2026-06-03,Kecap Manis,botol,104,11400,328,23,3,0,68,MEDIUM
2026-02-07,Pringles,kaleng,23,25400,199,23,6,1,88,LOW
2026-04-29,Susu UHT,botol_1L,23,19800,11,3,3,0,28,MEDIUM
2026-02-24,Daging Babi,kg,33,112200,4,3,2,0,43,MEDIUM
2026-03-01,Anggur,kg,58,60400,9,5,7,1,66,MEDIUM
2026-01-30,Saus Inggris,botol,50,22100,352,25,5,1,93,LOW
2026-04-04,Oreo,bungkus,74,9300,232,25,6,1,38,MEDIUM
2026-02-16,Bawang Putih,kg,66,43200,20,18,1,0,69,MEDIUM
2026-01-04,Melon,buah,66,34400,10,13,7,1,34,MEDIUM
2026-03-16,Kecap Hitam,botol,28,10300,240,23,1,0,30,MEDIUM
2026-02-19,Daging Sapi,kg,79,157500,4,4,4,0,26,MEDIUM
2026-05-27,Lada Putih,botol,54,14200,248,27,3,0,60,MEDIUM
2026-03-05,Kecap Manis,botol,103,10900,184,25,4,0,63,MEDIUM
2026-03-11,Tepung Terigu,bungkus_1kg,23,14000,60,22,3,0,53,LOW
2026-04-10,Bakso,bungkus_500g,60,23600,6,3,5,1,81,MEDIUM
2026-02-26,Indomie,bungkus,103,3500,200,26,4,0,38,MEDIUM
2026-04-16,Minyak Zaitun,botol_500ml,105,80700,579,23,4,0,21,MEDIUM
2026-03-21,Apel,kg,63,44500,26,5,6,1,48,MEDIUM
2026-03-14,Lays,bungkus,119,10900,171,24,6,1,84,MEDIUM
2026-04-17,Timun,kg,77,11800,6,8,5,1,70,MEDIUM
2026-05-28,Kentang,kg,24,23900,46,16,4,0,57,LOW
2026-04-30,Jeruk,kg,66,30700,8,12,4,0,46,MEDIUM
2026-05-11,Tomat,kg,46,17400,7,10,1,0,33,MEDIUM
2026-03-26,Daun Bawang,ikat,80,2300,3,9,4,0,55,HIGH
2026-05-07,Lada Putih,botol,90,15100,240,27,4,0,47,MEDIUM
2026-04-08,Garam,bungkus_500g,77,3700,805,23,3,0,57,MEDIUM
2026-01-17,Saus Sambal,botol,89,11800,253,26,6,1,100,MEDIUM
2026-01-05,Ayam,kg,31,51900,3,1,1,0,57,MEDIUM
2026-05-24,Tango,bungkus,70,8100,207,26,7,1,63,MEDIUM
2026-02-28,Bawang Bombay,kg,73,42300,20,22,6,1,72,MEDIUM
2026-01-20,Tepung Terigu,bungkus_1kg,87,13200,80,25,2,0,29,MEDIUM
2026-04-02,Jeruk,kg,36,28300,10,9,4,0,50,LOW
2026-04-23,Ayam,kg,34,54600,5,3,4,0,65,MEDIUM
2026-04-07,Lada Putih,botol,118,14600,202,23,2,0,20,MEDIUM
2026-05-03,Malkist,bungkus,62,7400,130,26,7,1,39,MEDIUM
2026-03-15,Keju,blok_165g,43,22300,50,2,7,1,66,LOW
2026-02-16,Nanas,buah,67,14000,7,13,1,0,96,MEDIUM
2026-05-10,Susu UHT,botol_1L,99,18500,9,3,7,1,20,MEDIUM
2026-04-17,Kecap Ikan,botol,52,14500,187,26,5,1,18,MEDIUM
2026-06-09,Tango,bungkus,23,8700,138,23,2,0,84,LOW
2026-01-12,Bawang Putih,kg,55,49200,32,22,1,0,64,MEDIUM
2026-01-21,Minyak Zaitun,botol_500ml,32,79300,461,23,3,0,48,LOW
2026-02-28,Gula Pasir,bungkus_1kg,88,16100,555,23,6,1,46,MEDIUM
2026-05-28,Saus Sambal,botol,45,12000,188,25,4,0,19,MEDIUM
2026-06-27,Bakso,bungkus_500g,102,24100,5,1,6,1,88,MEDIUM
2026-06-24,Chitato,bungkus,92,10900,175,25,3,0,99,MEDIUM
2026-03-17,Garam,bungkus_500g,49,3700,937,23,2,0,35,MEDIUM
2026-06-12,Saus Sambal,botol,60,10900,237,24,5,1,78,LOW
2026-01-23,Tango,bungkus,41,8500,130,25,5,1,37,MEDIUM
2026-06-12,Air Mineral 250ml,botol,103,2800,607,26,5,1,36,MEDIUM
2026-02-16,Kecap Hitam,botol,89,11300,180,24,1,0,87,MEDIUM
2026-01-04,Bayam,ikat,66,3900,2,4,7,1,62,HIGH
2026-02-26,Pringles,kaleng,33,22700,316,25,4,0,90,LOW
2026-03-18,Nanas,buah,101,15500,6,12,3,0,20,MEDIUM
2026-04-08,Pringles,kaleng,57,25700,251,25,3,0,28,MEDIUM
2026-05-27,Minyak Zaitun,botol_500ml,97,76800,703,23,3,0,98,MEDIUM
2026-04-12,Tomat,kg,31,18700,10,12,7,1,68,LOW
2026-05-11,Lada Putih,botol,38,16000,352,23,1,0,87,LOW
2026-05-04,Anggur,kg,56,60000,10,6,1,0,61,MEDIUM
2026-03-02,Saus Tiram,botol,59,13300,243,22,1,0,95,LOW
2026-04-30,Bayam,ikat,33,3700,2,4,4,0,89,MEDIUM
2026-03-19,Minyak Zaitun,botol_500ml,60,77600,623,23,4,0,82,LOW
2026-04-15,Pringles,kaleng,105,26300,195,27,3,0,55,MEDIUM
2026-03-03,Oreo,bungkus,67,9400,130,24,2,0,44,MEDIUM
2026-05-29,Udang,kg,57,113300,1,2,5,1,34,HIGH
2026-05-17,Daging Babi,kg,44,100400,2,4,7,1,31,HIGH
2026-03-28,Kusuka,bungkus,59,10300,135,23,6,1,108,LOW
2026-05-27,Tepung Terigu,bungkus_1kg,71,14300,110,25,3,0,36,MEDIUM
2026-06-06,Daging Babi,kg,64,101900,3,3,6,1,19,HIGH
2026-06-22,Daging Sapi,kg,75,147900,4,0,1,0,33,MEDIUM
2026-01-01,Keju,blok_165g,106,20100,54,3,4,0,52,MEDIUM
2026-05-25,Daun Bawang,ikat,25,2300,6,7,1,0,41,MEDIUM
2026-04-03,Lays,bungkus,118,11900,137,27,5,1,64,MEDIUM
2026-03-25,Oreo,bungkus,32,8600,165,23,3,0,75,LOW
2026-05-16,Lada Hitam,botol,39,19100,356,24,6,1,63,LOW
2026-04-17,Sasa (MSG),bungkus_250g,28,4800,376,27,5,1,61,LOW
2026-02-20,Kecap Hitam,botol,74,10000,190,24,5,1,66,MEDIUM
2026-05-19,Jahe,kg,55,34300,25,20,2,0,54,MEDIUM
2026-03-17,Keju,blok_165g,91,22900,41,6,2,0,75,MEDIUM
2026-06-10,Lays,bungkus,109,10800,180,27,3,0,83,MEDIUM
2026-06-24,Tomat,kg,58,19300,6,11,3,0,56,MEDIUM
2026-03-09,Minyak Zaitun,botol_500ml,52,82800,506,25,1,0,50,MEDIUM
2026-06-17,Melon,buah,116,32100,5,11,3,0,90,MEDIUM
2026-01-29,Sasa (MSG),bungkus_250g,93,5400,625,24,4,0,80,MEDIUM
2026-02-20,Yogurt,cup,170,11300,19,4,5,1,93,MEDIUM
2026-04-27,Ayam,kg,47,55400,5,1,1,0,12,MEDIUM
2026-03-22,Sasa (MSG),bungkus_250g,31,4900,670,27,7,1,58,LOW
2026-04-11,Timun,kg,71,11300,5,6,6,1,69,MEDIUM
2026-02-07,Garam,bungkus_500g,40,4300,818,27,6,1,81,LOW
2026-04-29,Yogurt,cup,230,10700,25,3,3,0,161,MEDIUM
2026-02-01,Daging Sapi,kg,76,147300,2,2,7,1,44,HIGH
2026-02-17,Roti Tawar,bungkus,76,18100,4,25,2,0,47,MEDIUM
2026-06-14,Susu UHT,botol_1L,87,20500,7,5,7,1,61,MEDIUM
2026-01-19,Minyak Goreng,pouch_1L,93,17600,154,25,1,0,74,MEDIUM
2026-05-06,Bawang Putih,kg,58,46600,24,19,3,0,58,MEDIUM
2026-06-25,Daun Bawang,ikat,84,2600,3,7,4,0,45,HIGH
2026-03-10,Minyak Zaitun,botol_500ml,107,85500,404,25,2,0,73,MEDIUM
2026-06-03,Gula Pasir,bungkus_1kg,65,17200,410,24,3,0,78,MEDIUM
2026-01-06,Nanas,buah,49,16200,8,14,2,0,56,MEDIUM
2026-06-19,Kecap Manis,botol,54,11200,292,26,5,1,24,MEDIUM
2026-03-18,Kusuka,bungkus,36,9600,126,23,3,0,36,MEDIUM
2026-02-18,Jahe,kg,43,36800,16,19,3,0,54,LOW
2026-04-08,Roti Tawar,bungkus,70,17400,6,26,3,0,99,MEDIUM
2026-02-13,Bawang Putih,kg,77,42000,43,22,5,1,72,MEDIUM
2026-05-21,Kusuka,bungkus,117,8900,106,25,4,0,25,MEDIUM
2026-03-23,Kecap Ikan,botol,105,16400,344,26,1,0,38,MEDIUM
2026-01-08,Garam,bungkus_500g,24,4200,866,25,4,0,31,LOW
2026-04-27,Saus Sambal,botol,30,11100,319,26,1,0,68,LOW
2026-05-19,Kecap Hitam,botol,111,11600,199,22,2,0,19,MEDIUM
2026-02-15,Daun Bawang,ikat,89,2700,4,9,7,1,37,MEDIUM
2026-02-21,Roti Tawar,bungkus,89,17600,4,24,6,1,82,MEDIUM
2026-06-10,Kentang,kg,32,22500,37,15,3,0,24,MEDIUM
2026-03-23,Garam,bungkus_500g,70,4200,979,27,1,0,61,MEDIUM
2026-06-12,Tango,bungkus,92,8600,200,23,5,1,103,MEDIUM
2026-04-23,Air Mineral 250ml,botol,115,2700,653,25,4,0,86,MEDIUM
2026-03-10,Jahe,kg,56,33000,29,19,2,0,55,MEDIUM
2026-01-22,Minyak Goreng,pouch_1L,105,19300,129,24,4,0,57,MEDIUM
2026-03-05,Timun,kg,75,11500,5,8,4,0,50,MEDIUM
2026-01-19,Malkist,bungkus,27,8000,190,25,1,0,40,LOW
2026-03-06,Saus Tiram,botol,44,14700,216,26,5,1,61,LOW
2026-05-16,Udang,kg,69,126400,3,-1,6,1,21,HIGH
2026-04-14,Tomat,kg,18,16500,8,12,2,0,43,LOW
2026-04-09,Keju,blok_165g,22,23400,74,3,4,0,28,LOW
2026-02-14,Anggur,kg,25,59500,6,3,6,1,13,MEDIUM
2026-05-04,Apel,kg,69,41200,26,5,1,0,11,MEDIUM
2026-02-03,Kecap Hitam,botol,86,10500,299,24,2,0,22,MEDIUM
2026-04-28,Minyak Goreng,pouch_1L,72,17000,224,27,2,0,53,MEDIUM
2026-01-13,Timun,kg,28,11800,5,6,2,0,62,MEDIUM
2026-01-23,Roti Tawar,bungkus,81,18300,6,25,5,1,105,MEDIUM
2026-05-28,Roti Tawar,bungkus,33,18800,6,26,4,0,64,MEDIUM
2026-06-01,Nanas,buah,41,15100,8,12,1,0,44,MEDIUM
2026-01-08,Durian,buah,31,71800,3,14,4,0,45,MEDIUM
2026-05-07,Bawang Putih,kg,58,41400,36,19,4,0,24,MEDIUM
2026-04-03,Tepung Terigu,bungkus_1kg,37,15100,83,23,5,1,62,LOW
2026-01-08,Sasa (MSG),bungkus_250g,25,5400,679,27,4,0,83,LOW
2026-06-05,Bawang Putih,kg,74,42900,21,21,5,1,62,MEDIUM
2026-04-10,Durian,buah,34,74000,2,16,5,1,78,MEDIUM
2026-06-28,Kecap Manis,botol,36,10000,336,22,7,1,86,LOW
2026-03-01,Gula Pasir,bungkus_1kg,108,15800,382,27,7,1,82,MEDIUM
2026-05-29,Lada Hitam,botol,32,17200,190,23,5,1,56,LOW
2026-06-24,Bayam,ikat,113,3700,4,4,3,0,87,MEDIUM
2026-05-20,Kecap Manis,botol,61,10700,227,25,3,0,31,MEDIUM
2026-02-10,Kecap Asin,botol,66,10300,284,25,2,0,32,MEDIUM
2026-01-13,Durian,buah,32,78300,2,13,2,0,45,MEDIUM
2026-06-15,Bawang Putih,kg,63,46300,23,22,1,0,65,MEDIUM
2026-03-28,Lays,bungkus,53,11100,96,26,6,1,27,MEDIUM
2026-01-18,Daging Sapi,kg,37,149200,2,3,7,1,18,HIGH
2026-02-23,Telur,10-butir,119,26800,9,6,1,0,35,MEDIUM
2026-02-26,Oreo,bungkus,73,9600,166,27,4,0,24,MEDIUM
2026-03-15,Pringles,kaleng,32,26000,181,23,7,1,61,LOW
2026-04-10,Jeruk,kg,19,28000,13,8,5,1,52,LOW
2026-01-12,Kentang,kg,38,23700,46,13,1,0,52,LOW
2026-03-25,Garam,bungkus_500g,35,3800,811,24,3,0,61,LOW
2026-01-27,Lada Putih,botol,78,15900,341,27,2,0,61,MEDIUM
2026-05-14,Susu UHT,botol_1L,115,20000,8,5,4,0,39,MEDIUM
2026-02-26,Daun Bawang,ikat,35,2400,6,10,4,0,94,MEDIUM
2026-05-15,Saus Tiram,botol,70,14100,187,22,5,1,104,LOW
2026-02-14,Tauge,bungkus_250g,78,5400,1,4,6,1,21,HIGH
2026-06-06,Saus Sambal,botol,117,10900,303,25,6,1,50,MEDIUM
2026-01-04,Tepung Terigu,bungkus_1kg,28,14100,79,23,7,1,22,MEDIUM
2026-03-16,Nanas,buah,51,15800,4,12,1,0,42,MEDIUM
2026-03-31,Chitato,bungkus,90,11800,99,25,2,0,71,MEDIUM
2026-02-14,Anggur,kg,20,69000,8,5,6,1,26,LOW
2026-03-06,Oreo,bungkus,66,9200,173,26,5,1,79,MEDIUM
2026-02-26,Kusuka,bungkus,50,8700,94,26,4,0,60,MEDIUM
2026-02-21,Sasa (MSG),bungkus_250g,94,4900,585,27,6,1,81,MEDIUM
2026-05-02,Timun,kg,55,12300,6,7,6,1,16,MEDIUM
2026-02-15,Jahe,kg,12,37500,21,21,7,1,46,LOW
2026-04-18,Air Mineral 250ml,botol,100,3200,370,26,6,1,106,MEDIUM
2026-03-11,Sasa (MSG),bungkus_250g,35,5500,407,25,3,0,82,LOW
2026-03-31,Daun Bawang,ikat,30,2500,5,7,2,0,32,MEDIUM
2026-06-03,Bakso,bungkus_500g,23,27000,4,0,3,0,43,MEDIUM
2026-04-17,Lada Hitam,botol,99,19700,187,27,5,1,96,MEDIUM
2026-04-16,Keju,blok_165g,113,21800,46,4,4,0,79,MEDIUM
2026-03-25,Kentang,kg,53,23500,56,17,3,0,18,MEDIUM
2026-06-05,Lada Putih,botol,62,14200,283,24,5,1,118,LOW
2026-02-24,Keju,blok_165g,67,21700,86,6,2,0,36,MEDIUM
2026-04-18,Jahe,kg,54,37800,15,20,6,1,22,MEDIUM
2026-05-09,Roti Tawar,bungkus,108,17500,6,25,6,1,102,MEDIUM
2026-04-27,Minyak Zaitun,botol_500ml,54,87100,532,25,1,0,92,LOW
2026-04-03,Melon,buah,72,36100,6,10,5,1,115,MEDIUM
2026-02-27,Tepung Terigu,bungkus_1kg,39,15000,100,22,5,1,28,MEDIUM
2026-05-13,Telur,10-butir,36,30100,11,2,3,0,36,MEDIUM
2026-03-09,Udang,kg,20,121900,3,1,1,0,65,MEDIUM
2026-01-26,Anggur,kg,69,70100,6,6,1,0,16,MEDIUM
2026-05-29,Jeruk,kg,13,27900,13,9,5,1,38,LOW
2026-04-26,Lays,bungkus,112,11200,108,26,7,1,26,MEDIUM
2026-03-09,Nanas,buah,118,14900,6,14,1,0,51,MEDIUM
2026-06-13,Saus Sambal,botol,112,10700,183,24,6,1,45,MEDIUM
2026-02-03,Oreo,bungkus,106,9100,142,27,2,0,67,MEDIUM
2026-03-10,Indomie,bungkus,72,3500,240,23,2,0,76,MEDIUM
2026-02-23,Bakso,bungkus_500g,76,23500,7,4,1,0,24,MEDIUM
2026-01-03,Tauge,bungkus_250g,66,5500,2,6,6,1,98,MEDIUM
2026-06-13,Kusuka,bungkus,60,10000,147,24,6,1,99,LOW
2026-01-30,Kecap Manis,botol,44,10500,305,24,5,1,49,MEDIUM
2026-02-16,Saus Tiram,botol,58,14700,233,26,1,0,30,MEDIUM
2026-01-16,Indomie,bungkus,61,3200,213,23,5,1,105,LOW
2026-05-19,Roti Tawar,bungkus,29,18400,6,22,2,0,31,MEDIUM
2026-05-03,Timun,kg,74,11200,5,6,7,1,40,MEDIUM
2026-05-07,Kentang,kg,75,20600,59,15,4,0,49,MEDIUM
2026-01-01,Kusuka,bungkus,42,10200,146,23,4,0,53,LOW
2026-06-11,Sasa (MSG),bungkus_250g,112,4800,621,26,4,0,87,MEDIUM
2026-02-21,Daging Sapi,kg,72,151600,4,4,6,1,69,MEDIUM
2026-03-06,Semangka,buah,86,45100,8,11,5,1,34,MEDIUM
2026-04-23,Anggur,kg,52,60100,10,3,4,0,61,MEDIUM
2026-02-02,Jeruk,kg,43,26500,9,12,1,0,64,LOW
2026-03-24,Bakso,bungkus_500g,116,25200,7,0,2,0,63,MEDIUM
2026-01-27,Apel,kg,15,42100,16,4,2,0,49,LOW
2026-03-21,Lada Hitam,botol,93,18600,351,24,6,1,40,MEDIUM
2026-04-30,Tauge,bungkus_250g,76,4800,3,6,4,0,86,MEDIUM
2026-04-24,Apel,kg,60,42700,21,5,5,1,32,MEDIUM
2026-04-23,Daun Bawang,ikat,72,2300,6,6,4,0,89,MEDIUM
2026-05-14,Air Mineral 250ml,botol,24,3200,428,25,4,0,71,LOW
2026-02-02,Malkist,bungkus,38,6900,213,26,1,0,83,LOW
2026-02-02,Jahe,kg,63,35900,27,20,1,0,16,MEDIUM
2026-05-08,Minyak Goreng,pouch_1L,39,17400,182,24,5,1,51,LOW
2026-04-15,Keju,blok_165g,109,22100,46,3,3,0,76,MEDIUM
2026-01-06,Udang,kg,37,125700,2,1,2,0,50,MEDIUM
2026-06-18,Oreo,bungkus,110,9300,122,24,4,0,63,MEDIUM
2026-04-08,Bayam,ikat,54,4100,3,3,3,0,94,MEDIUM
2026-06-20,Kecap Hitam,botol,110,11900,199,24,6,1,51,MEDIUM
2026-02-10,Melon,buah,38,32100,6,14,2,0,98,MEDIUM
2026-02-03,Tauge,bungkus_250g,86,4800,2,4,2,0,20,HIGH
2026-04-06,Tango,bungkus,89,7600,121,27,1,0,73,MEDIUM
2026-03-06,Anggur,kg,35,60500,7,4,5,1,40,MEDIUM
2026-02-17,Timun,kg,31,12500,5,10,2,0,45,MEDIUM
2026-01-28,Telur,10-butir,64,30400,7,5,3,0,82,MEDIUM
2026-03-24,Telur,10-butir,29,29300,12,3,2,0,50,LOW
2026-06-09,Roti Tawar,bungkus,25,18600,4,23,2,0,62,MEDIUM
2026-01-27,Malkist,bungkus,54,8100,147,26,2,0,99,LOW
2026-04-03,Yogurt,cup,204,11500,30,4,5,1,231,MEDIUM
2026-05-01,Sasa (MSG),bungkus_250g,61,5200,527,23,5,1,76,MEDIUM
2026-05-31,Kusuka,bungkus,115,8600,152,23,7,1,79,MEDIUM
2026-04-20,Udang,kg,52,129900,3,2,1,0,57,MEDIUM
2026-06-27,Daging Sapi,kg,71,147800,3,1,6,1,80,MEDIUM
2026-03-23,Saus Inggris,botol,38,23900,256,24,1,0,50,LOW
2026-04-12,Telur,10-butir,110,25600,8,2,7,1,26,MEDIUM
2026-03-14,Bakso,bungkus_500g,108,23800,6,0,6,1,63,MEDIUM
2026-02-06,Yogurt,cup,131,11100,15,6,5,1,114,MEDIUM
2026-02-27,Lada Hitam,botol,79,17800,286,27,5,1,64,MEDIUM
2026-03-20,Garam,bungkus_500g,37,3800,858,24,5,1,92,LOW
2026-01-04,Tauge,bungkus_250g,26,5000,3,4,7,1,90,MEDIUM
2026-02-24,Daging Sapi,kg,47,142400,3,4,2,0,59,MEDIUM
2026-06-06,Udang,kg,30,129200,1,1,6,1,70,MEDIUM
2026-03-24,Kecap Asin,botol,87,9000,319,25,2,0,83,MEDIUM
2026-01-27,Lada Putih,botol,42,14600,242,24,2,0,39,MEDIUM
2026-02-21,Kentang,kg,34,21200,52,17,6,1,64,LOW
2026-02-05,Pringles,kaleng,68,26100,276,23,4,0,72,MEDIUM
2026-03-02,Yogurt,cup,55,10500,22,6,1,0,148,LOW
2026-06-19,Tomat,kg,76,17800,10,10,5,1,46,MEDIUM
2026-01-29,Kusuka,bungkus,56,9900,112,27,4,0,27,MEDIUM
2026-05-25,Kecap Ikan,botol,104,16100,287,23,1,0,80,MEDIUM
2026-04-04,Tauge,bungkus_250g,52,4500,3,5,6,1,52,MEDIUM
2026-05-02,Bawang Bombay,kg,45,40200,24,20,6,1,51,MEDIUM
2026-04-28,Nanas,buah,47,15300,8,10,2,0,38,MEDIUM
2026-06-24,Air Mineral 250ml,botol,81,3100,534,24,3,0,33,MEDIUM
2026-06-06,Malkist,bungkus,117,8100,153,27,6,1,32,MEDIUM
2026-06-25,Kusuka,bungkus,96,9700,153,27,4,0,62,MEDIUM
2026-06-06,Kecap Hitam,botol,107,11000,192,26,6,1,48,MEDIUM
2026-01-26,Oreo,bungkus,86,10000,222,27,1,0,21,MEDIUM
2026-03-03,Semangka,buah,62,46600,7,14,2,0,39,MEDIUM
2026-04-27,Lada Hitam,botol,51,17100,204,26,1,0,40,MEDIUM
2026-03-14,Telur,10-butir,112,26300,10,4,6,1,112,MEDIUM
2026-04-28,Sasa (MSG),bungkus_250g,90,5000,506,24,2,0,92,MEDIUM
2026-06-18,Lays,bungkus,34,10800,135,23,4,0,17,MEDIUM
2026-05-26,Tango,bungkus,85,8600,195,23,2,0,22,MEDIUM
2026-04-14,Saus Tiram,botol,98,15300,261,23,2,0,71,MEDIUM
2026-03-18,Lays,bungkus,98,13200,156,25,3,0,34,MEDIUM
2026-01-03,Jeruk,kg,73,25600,12,11,6,1,58,MEDIUM
2026-03-01,Bawang Putih,kg,39,48000,36,18,7,1,62,LOW
2026-04-02,Indomie,bungkus,117,3200,227,23,4,0,75,MEDIUM
2026-06-13,Keju,blok_165g,92,23200,74,3,6,1,86,MEDIUM
2026-04-09,Kecap Manis,botol,102,11500,238,25,4,0,78,MEDIUM
2026-01-09,Garam,bungkus_500g,25,3700,934,25,5,1,51,LOW
2026-01-21,Tepung Terigu,bungkus_1kg,55,13000,101,26,3,0,76,LOW
2026-01-13,Bawang Putih,kg,63,42300,44,22,2,0,25,MEDIUM
2026-05-10,Minyak Zaitun,botol_500ml,113,88800,566,22,7,1,108,MEDIUM
2026-01-02,Malkist,bungkus,31,7700,215,23,5,1,44,LOW
2026-05-08,Saus Inggris,botol,86,23100,240,22,5,1,62,MEDIUM
2026-06-22,Roti Tawar,bungkus,47,18700,3,24,1,0,35,HIGH
2026-04-10,Susu UHT,botol_1L,41,19600,10,5,5,1,105,LOW
2026-04-11,Melon,buah,95,34500,5,14,6,1,56,MEDIUM
2026-03-04,Tauge,bungkus_250g,89,5400,3,8,3,0,35,HIGH
2026-03-01,Pringles,kaleng,69,23200,235,25,7,1,74,MEDIUM
2026-06-06,Susu UHT,botol_1L,96,20300,9,2,6,1,38,MEDIUM
2026-05-05,Saus Inggris,botol,67,24200,222,26,2,0,41,MEDIUM
2026-01-31,Gula Pasir,bungkus_1kg,115,18800,706,25,6,1,90,MEDIUM
2026-04-05,Nanas,buah,35,13900,7,12,7,1,32,MEDIUM
2026-05-29,Bawang Putih,kg,39,46400,22,19,5,1,82,LOW
2026-06-26,Roti Tawar,bungkus,119,16700,6,24,5,1,55,MEDIUM
2026-04-09,Daging Sapi,kg,78,142200,4,0,4,0,30,MEDIUM
2026-03-09,Minyak Goreng,pouch_1L,38,18600,180,25,1,0,57,LOW
2026-06-02,Melon,buah,67,37600,7,11,2,0,97,MEDIUM
2026-01-28,Udang,kg,72,119300,1,1,3,0,68,HIGH
2026-02-19,Daging Babi,kg,51,119700,3,2,4,0,29,HIGH
2026-02-01,Bawang Putih,kg,70,43800,41,19,7,1,32,MEDIUM
2026-04-30,Tomat,kg,30,18000,5,12,4,0,53,MEDIUM
2026-03-30,Sasa (MSG),bungkus_250g,73,5100,680,26,1,0,88,MEDIUM
2026-05-23,Kecap Ikan,botol,95,15900,354,22,6,1,43,MEDIUM
2026-04-03,Pringles,kaleng,33,21700,291,23,5,1,76,LOW
2026-04-29,Lada Hitam,botol,98,17800,199,25,3,0,26,MEDIUM
2026-06-05,Tepung Terigu,bungkus_1kg,113,13000,96,22,5,1,32,MEDIUM
2026-03-07,Saus Tiram,botol,73,14700,287,24,6,1,48,MEDIUM
2026-05-30,Melon,buah,27,34500,10,10,6,1,51,LOW
2026-05-08,Melon,buah,74,36300,7,14,5,1,36,MEDIUM
2026-06-25,Gula Pasir,bungkus_1kg,72,19200,571,27,4,0,87,MEDIUM
2026-04-29,Keju,blok_165g,98,21300,82,5,3,0,34,MEDIUM
2026-06-26,Semangka,buah,83,48900,7,12,5,1,67,MEDIUM
2026-04-08,Malkist,bungkus,90,7100,139,24,3,0,72,MEDIUM
2026-04-12,Kentang,kg,19,20500,57,16,7,1,49,LOW
2026-05-11,Kecap Manis,botol,59,10900,235,24,1,0,86,LOW
2026-04-20,Keju,blok_165g,112,20400,68,5,1,0,70,MEDIUM
2026-02-18,Saus Tiram,botol,32,13200,265,25,3,0,50,LOW
2026-03-23,Saus Inggris,botol,107,21900,298,24,1,0,36,MEDIUM
2026-02-15,Roti Tawar,bungkus,81,17900,4,24,7,1,99,MEDIUM
2026-06-21,Tango,bungkus,79,8600,184,24,7,1,91,MEDIUM
2026-02-26,Lada Putih,botol,72,14600,201,27,4,0,70,MEDIUM
2026-03-30,Tango,bungkus,37,8400,134,24,1,0,90,LOW
2026-01-15,Nanas,buah,82,15200,4,13,4,0,53,MEDIUM
2026-03-23,Jahe,kg,72,34900,20,18,1,0,21,MEDIUM
2026-02-17,Durian,buah,35,78000,4,13,2,0,69,MEDIUM
2026-03-03,Kecap Ikan,botol,32,17000,313,24,2,0,95,LOW
2026-03-18,Tepung Terigu,bungkus_1kg,33,13200,98,22,3,0,68,LOW
2026-03-18,Roti Tawar,bungkus,78,18300,6,26,3,0,77,MEDIUM
2026-06-05,Daging Sapi,kg,31,157400,4,0,5,1,49,MEDIUM
2026-01-06,Jeruk,kg,41,30500,14,10,2,0,44,MEDIUM
2026-03-17,Oreo,bungkus,78,9600,188,26,2,0,45,MEDIUM
2026-03-30,Sasa (MSG),bungkus_250g,50,5400,372,27,1,0,99,LOW
2026-05-07,Lada Putih,botol,68,14600,260,26,4,0,34,MEDIUM
2026-05-09,Nanas,buah,96,14400,5,12,6,1,37,MEDIUM
2026-04-19,Tomat,kg,55,16900,6,12,7,1,20,MEDIUM
2026-01-13,Kecap Hitam,botol,47,10200,181,23,2,0,75,LOW
2026-05-25,Minyak Zaitun,botol_500ml,32,79400,453,26,1,0,96,LOW
2026-04-22,Semangka,buah,59,46000,5,13,3,0,97,MEDIUM
2026-04-18,Indomie,bungkus,72,3300,236,26,6,1,79,MEDIUM
2026-05-17,Kusuka,bungkus,20,8600,169,23,7,1,69,LOW
2026-02-01,Nanas,buah,31,16200,6,13,7,1,110,MEDIUM
2026-03-06,Lada Hitam,botol,61,16400,282,25,5,1,91,LOW
2026-04-05,Semangka,buah,116,45500,9,14,7,1,55,MEDIUM
2026-06-17,Tomat,kg,65,17500,10,14,3,0,15,MEDIUM
2026-02-23,Keju,blok_165g,68,21100,50,4,1,0,25,MEDIUM
2026-03-04,Kecap Ikan,botol,102,16300,185,24,3,0,42,MEDIUM
2026-01-28,Ayam,kg,47,56100,5,3,3,0,64,MEDIUM
2026-06-26,Lada Hitam,botol,55,17800,237,23,5,1,86,LOW
2026-04-15,Saus Tiram,botol,79,13500,278,24,3,0,97,MEDIUM
2026-01-28,Telur,10-butir,61,30800,7,5,3,0,96,MEDIUM
2026-04-24,Daging Babi,kg,47,102600,4,3,5,1,63,MEDIUM
2026-01-31,Kentang,kg,23,21800,54,15,6,1,64,LOW
2026-06-01,Lada Putih,botol,92,15400,283,24,1,0,40,MEDIUM
2026-03-08,Kentang,kg,14,23100,36,13,7,1,14,MEDIUM
2026-01-15,Kecap Asin,botol,95,9500,354,23,4,0,67,MEDIUM
2026-04-05,Malkist,bungkus,103,8100,206,23,7,1,31,MEDIUM
2026-03-30,Ayam,kg,39,53300,2,3,1,0,12,HIGH
2026-06-26,Tauge,bungkus_250g,104,5000,2,8,5,1,91,HIGH
2026-05-23,Pringles,kaleng,71,23700,200,23,6,1,111,LOW
2026-05-02,Udang,kg,79,109100,3,1,6,1,69,HIGH
2026-04-01,Durian,buah,40,78000,5,14,3,0,37,MEDIUM
2026-05-18,Bayam,ikat,71,4300,2,6,1,0,86,MEDIUM
2026-05-02,Lays,bungkus,72,11700,148,27,6,1,82,MEDIUM
2026-04-12,Minyak Goreng,pouch_1L,88,19400,121,23,7,1,104,MEDIUM
2026-04-14,Minyak Zaitun,botol_500ml,30,91300,564,24,2,0,90,LOW
2026-05-05,Garam,bungkus_500g,113,3600,905,27,2,0,87,MEDIUM
2026-06-11,Indomie,bungkus,71,3500,201,27,4,0,90,LOW
2026-04-21,Telur,10-butir,84,29100,8,6,2,0,77,MEDIUM
2026-03-20,Semangka,buah,41,48600,10,10,5,1,62,LOW
2026-01-17,Tepung Terigu,bungkus_1kg,32,14900,107,26,6,1,37,MEDIUM
2026-01-06,Kecap Asin,botol,33,10600,233,26,2,0,86,LOW
2026-01-27,Jahe,kg,40,32900,19,22,2,0,62,LOW
2026-02-27,Oreo,bungkus,42,8600,124,24,5,1,57,LOW
2026-01-20,Bakso,bungkus_500g,89,25800,4,3,2,0,73,MEDIUM
2026-01-17,Jeruk,kg,22,27500,13,10,6,1,19,MEDIUM
2026-03-04,Lada Hitam,botol,54,18500,327,26,3,0,95,LOW
2026-06-12,Roti Tawar,bungkus,67,19100,3,26,5,1,69,MEDIUM
2026-05-25,Susu UHT,botol_1L,69,18800,10,6,1,0,79,MEDIUM
2026-02-27,Jeruk,kg,46,26400,12,11,5,1,68,LOW
2026-02-09,Apel,kg,25,44300,26,3,1,0,13,MEDIUM
2026-01-31,Daging Sapi,kg,17,158600,4,0,6,1,39,MEDIUM
2026-02-14,Ayam,kg,17,59800,4,1,6,1,19,MEDIUM
2026-05-05,Apel,kg,39,43300,18,6,2,0,19,MEDIUM
2026-06-16,Saus Sambal,botol,62,11300,273,23,2,0,59,MEDIUM
2026-04-18,Daging Babi,kg,32,104500,3,1,6,1,18,HIGH
2026-04-06,Yogurt,cup,278,10700,29,4,1,0,241,MEDIUM
2026-03-08,Lada Putih,botol,30,16400,311,26,7,1,68,LOW
2026-03-22,Sasa (MSG),bungkus_250g,102,5400,650,23,7,1,22,MEDIUM
2026-05-30,Tango,bungkus,30,8800,122,23,6,1,109,LOW
2026-03-01,Daun Bawang,ikat,106,2600,3,8,7,1,33,HIGH
2026-03-14,Tomat,kg,56,17300,10,10,6,1,16,MEDIUM
2026-06-05,Saus Sambal,botol,44,11900,237,22,5,1,105,LOW
2026-01-25,Jeruk,kg,57,25600,9,10,7,1,51,MEDIUM
2026-03-26,Timun,kg,54,11100,6,9,4,0,16,MEDIUM
2026-05-01,Lada Putih,botol,101,14100,195,23,5,1,81,MEDIUM
2026-01-18,Kecap Asin,botol,78,9000,287,24,7,1,36,MEDIUM
2026-06-24,Kusuka,bungkus,67,9700,166,26,3,0,56,MEDIUM
2026-05-10,Tepung Terigu,bungkus_1kg,78,14600,67,25,7,1,49,MEDIUM
2026-01-12,Jahe,kg,52,33100,30,21,1,0,26,MEDIUM
2026-01-08,Udang,kg,45,109200,3,1,4,0,37,HIGH
2026-04-11,Minyak Zaitun,botol_500ml,42,82100,430,26,6,1,36,MEDIUM
2026-06-29,Kecap Manis,botol,48,11000,354,25,1,0,81,LOW
2026-01-19,Jahe,kg,30,36800,19,21,1,0,46,LOW
2026-05-10,Tauge,bungkus_250g,115,4700,2,7,7,1,36,HIGH
2026-01-30,Lays,bungkus,38,11300,151,27,5,1,57,LOW
2026-04-10,Tauge,bungkus_250g,71,4800,1,6,5,1,79,MEDIUM
2026-05-27,Saus Inggris,botol,89,23400,188,25,3,0,93,MEDIUM
2026-02-19,Durian,buah,24,77300,4,17,4,0,34,MEDIUM
2026-01-22,Daging Babi,kg,53,99700,2,1,4,0,43,HIGH
2026-04-05,Susu UHT,botol_1L,87,17700,9,2,7,1,39,MEDIUM
2026-03-26,Indomie,bungkus,102,3700,238,26,4,0,67,MEDIUM
2026-05-18,Ayam,kg,75,56800,5,4,1,0,69,MEDIUM
2026-06-08,Lada Hitam,botol,107,16700,264,26,1,0,15,MEDIUM
2026-03-12,Tepung Terigu,bungkus_1kg,69,12700,92,24,4,0,26,MEDIUM
2026-04-02,Roti Tawar,bungkus,84,17000,4,23,4,0,61,MEDIUM
2026-04-16,Kentang,kg,13,20100,31,14,4,0,53,LOW
2026-06-20,Bawang Putih,kg,76,41900,36,19,6,1,25,MEDIUM
2026-02-18,Apel,kg,11,40500,19,5,3,0,69,LOW
2026-01-25,Roti Tawar,bungkus,29,19600,3,26,7,1,88,MEDIUM
2026-04-15,Lada Putih,botol,66,15500,201,23,3,0,51,MEDIUM
2026-04-17,Gula Pasir,bungkus_1kg,60,16900,448,24,5,1,112,LOW
2026-01-12,Kecap Ikan,botol,92,14500,189,22,1,0,90,MEDIUM
2026-06-25,Melon,buah,58,36900,7,13,4,0,74,MEDIUM
2026-06-13,Kentang,kg,36,22700,34,14,6,1,13,MEDIUM
2026-01-29,Nanas,buah,31,14000,8,11,4,0,42,LOW
2026-04-20,Jeruk,kg,27,27100,14,9,1,0,33,MEDIUM
2026-03-17,Tauge,bungkus_250g,89,5500,2,8,2,0,50,HIGH
2026-04-10,Bayam,ikat,115,4300,3,4,5,1,56,HIGH
2026-05-31,Roti Tawar,bungkus,35,19500,3,24,7,1,87,MEDIUM
2026-05-20,Apel,kg,23,41600,28,5,3,0,16,MEDIUM
2026-05-25,Sasa (MSG),bungkus_250g,73,5100,468,25,1,0,58,MEDIUM
2026-04-26,Tomat,kg,52,16200,7,10,7,1,50,MEDIUM
2026-03-24,Pringles,kaleng,73,24200,347,27,2,0,76,MEDIUM
2026-02-04,Udang,kg,38,127500,3,-1,3,0,15,HIGH
2026-06-22,Udang,kg,10,111300,3,0,1,0,29,MEDIUM
2026-06-06,Tepung Terigu,bungkus_1kg,35,14200,60,23,6,1,40,MEDIUM
2026-04-21,Telur,10-butir,100,29000,12,6,2,0,80,MEDIUM
2026-04-22,Air Mineral 250ml,botol,22,2800,563,26,3,0,74,LOW
2026-04-19,Melon,buah,92,37600,10,12,7,1,63,MEDIUM
2026-04-12,Gula Pasir,bungkus_1kg,64,16400,547,23,7,1,68,MEDIUM
2026-03-27,Garam,bungkus_500g,71,4200,762,25,5,1,80,MEDIUM
2026-02-11,Tepung Terigu,bungkus_1kg,45,14200,87,22,3,0,37,MEDIUM
2026-01-20,Anggur,kg,48,66100,10,4,2,0,60,LOW
2026-06-03,Lada Putih,botol,46,13600,350,25,3,0,25,MEDIUM
2026-05-14,Pringles,kaleng,61,26300,251,25,4,0,79,LOW
2026-02-21,Kusuka,bungkus,26,10300,157,23,6,1,30,MEDIUM
2026-05-20,Tepung Terigu,bungkus_1kg,31,15200,96,26,3,0,57,LOW
2026-03-29,Apel,kg,22,48000,17,4,7,1,40,LOW
2026-02-18,Susu UHT,botol_1L,30,19200,11,3,3,0,68,LOW
2026-01-28,Lada Hitam,botol,76,19100,208,25,3,0,40,MEDIUM
2026-04-07,Saus Tiram,botol,33,12800,271,22,2,0,92,LOW
2026-06-07,Minyak Goreng,pouch_1L,64,17800,208,25,7,1,111,LOW
2026-04-12,Lada Putih,botol,66,14800,345,23,7,1,80,MEDIUM
2026-01-07,Tauge,bungkus_250g,100,4700,2,5,3,0,96,HIGH
2026-05-15,Tango,bungkus,69,7700,227,27,5,1,79,MEDIUM
2026-06-11,Daging Babi,kg,26,103600,3,3,4,0,13,HIGH
2026-01-01,Susu UHT,botol_1L,113,20400,9,6,4,0,64,MEDIUM
2026-06-01,Anggur,kg,45,65400,7,4,1,0,59,MEDIUM
2026-02-01,Jeruk,kg,27,26900,14,10,7,1,44,LOW
2026-02-16,Indomie,bungkus,23,3200,227,24,1,0,51,LOW
2026-06-25,Kecap Hitam,botol,23,10100,245,25,4,0,44,LOW
2026-01-12,Minyak Zaitun,botol_500ml,55,81700,614,26,1,0,32,MEDIUM
2026-01-01,Tepung Terigu,bungkus_1kg,106,14600,67,24,4,0,20,MEDIUM
2026-04-11,Durian,buah,114,77600,2,14,6,1,52,HIGH
2026-01-12,Minyak Zaitun,botol_500ml,46,93200,691,26,1,0,53,MEDIUM
2026-06-10,Lada Hitam,botol,81,18400,296,26,3,0,29,MEDIUM
2026-01-18,Daging Sapi,kg,16,143800,3,4,7,1,62,MEDIUM
2026-06-10,Chitato,bungkus,78,12300,171,26,3,0,25,MEDIUM
2026-04-23,Saus Sambal,botol,112,10400,306,23,4,0,36,MEDIUM
2026-01-25,Timun,kg,64,13100,8,9,7,1,81,LOW
2026-06-28,Oreo,bungkus,28,8900,151,27,7,1,86,LOW
2026-02-11,Roti Tawar,bungkus,78,18200,4,26,3,0,88,MEDIUM
2026-05-03,Kusuka,bungkus,22,10000,118,25,7,1,116,LOW
2026-01-06,Daun Bawang,ikat,57,2700,5,7,2,0,91,MEDIUM
2026-03-25,Kusuka,bungkus,23,8700,134,27,3,0,65,LOW
2026-01-09,Jeruk,kg,24,25400,7,8,5,1,19,MEDIUM
2026-06-21,Telur,10-butir,29,29900,14,2,7,1,112,LOW
2026-02-19,Daun Bawang,ikat,108,2600,4,6,4,0,95,MEDIUM
2026-06-13,Tomat,kg,52,18700,7,10,6,1,18,MEDIUM
2026-01-18,Jahe,kg,52,33500,28,18,7,1,27,MEDIUM
2026-03-09,Pringles,kaleng,117,26200,185,27,1,0,81,MEDIUM
2026-01-13,Udang,kg,34,112300,3,-1,2,0,29,HIGH
2026-03-07,Bawang Bombay,kg,54,38700,25,22,6,1,70,LOW
2026-04-24,Kusuka,bungkus,74,10200,142,24,5,1,106,LOW
2026-01-14,Lays,bungkus,63,11800,175,25,3,0,79,LOW
2026-03-23,Daun Bawang,ikat,74,2500,5,9,1,0,74,MEDIUM
2026-05-03,Oreo,bungkus,56,10200,218,27,7,1,48,MEDIUM
2026-05-06,Tomat,kg,63,16700,7,13,3,0,31,MEDIUM
2026-06-22,Pringles,kaleng,91,26200,264,24,1,0,69,MEDIUM
2026-03-26,Bayam,ikat,84,3900,4,4,4,0,20,MEDIUM
2026-04-17,Tomat,kg,39,18300,5,14,5,1,26,MEDIUM
2026-02-26,Kecap Hitam,botol,42,10400,267,24,4,0,59,LOW
2026-02-16,Kecap Ikan,botol,70,15900,355,25,1,0,56,MEDIUM
2026-04-01,Bakso,bungkus_500g,110,26200,3,4,3,0,23,HIGH
2026-03-31,Kecap Ikan,botol,64,15800,327,26,2,0,91,LOW
2026-04-27,Garam,bungkus_500g,36,4000,744,24,1,0,42,MEDIUM
2026-02-10,Bakso,bungkus_500g,94,23000,5,1,2,0,52,MEDIUM
2026-06-17,Daging Sapi,kg,33,148600,2,3,3,0,28,HIGH
2026-05-05,Kentang,kg,44,20700,54,13,2,0,10,MEDIUM
2026-05-24,Saus Sambal,botol,112,11700,204,24,7,1,39,MEDIUM
2026-03-14,Telur,10-butir,61,26100,14,5,6,1,39,MEDIUM
2026-04-14,Durian,buah,53,76300,3,13,2,0,59,MEDIUM
2026-02-17,Lada Hitam,botol,58,16800,209,23,2,0,45,MEDIUM
2026-01-18,Kentang,kg,24,22700,29,17,7,1,15,MEDIUM
2026-05-17,Tepung Terigu,bungkus_1kg,23,12700,94,22,7,1,114,LOW
2026-02-21,Udang,kg,14,127400,3,-1,6,1,34,MEDIUM
2026-04-03,Jahe,kg,13,36700,22,20,5,1,61,LOW
2026-04-20,Yogurt,cup,271,9500,18,6,1,0,156,MEDIUM
2026-02-11,Jahe,kg,45,34400,18,19,3,0,65,LOW
2026-03-14,Susu UHT,botol_1L,21,20600,11,6,6,1,84,LOW
2026-06-28,Udang,kg,40,115900,3,-2,7,1,70,MEDIUM
2026-05-10,Bayam,ikat,32,3900,4,3,7,1,100,MEDIUM
2026-03-16,Melon,buah,83,33100,7,13,1,0,83,MEDIUM
2026-05-06,Kusuka,bungkus,81,10100,157,23,3,0,30,MEDIUM
2026-02-04,Jeruk,kg,58,30600,13,10,3,0,28,MEDIUM
2026-02-18,Bayam,ikat,35,3800,4,3,3,0,65,MEDIUM
2026-01-17,Lays,bungkus,96,12900,123,26,6,1,25,MEDIUM
2026-06-02,Bakso,bungkus_500g,43,27200,7,0,2,0,32,MEDIUM
2026-03-22,Pringles,kaleng,43,24100,294,24,7,1,106,LOW
2026-01-28,Daging Sapi,kg,47,143400,2,2,3,0,23,HIGH
2026-03-13,Melon,buah,115,37100,9,10,5,1,87,MEDIUM
2026-06-06,Keju,blok_165g,75,22500,32,6,6,1,98,LOW
2026-04-14,Susu UHT,botol_1L,46,18900,12,5,2,0,15,MEDIUM
2026-03-28,Sasa (MSG),bungkus_250g,94,5000,537,26,6,1,67,MEDIUM
2026-06-14,Sasa (MSG),bungkus_250g,78,5000,407,25,7,1,114,LOW
2026-04-26,Kusuka,bungkus,81,9800,150,23,7,1,33,MEDIUM
2026-05-04,Kentang,kg,32,21600,34,14,1,0,27,MEDIUM
2026-03-20,Nanas,buah,89,15500,7,12,5,1,49,MEDIUM
2026-02-16,Jahe,kg,70,38500,30,22,1,0,41,MEDIUM
2026-01-01,Saus Sambal,botol,81,10700,300,26,4,0,93,MEDIUM
2026-04-08,Durian,buah,90,69300,2,15,3,0,45,HIGH
2026-02-23,Ayam,kg,65,54100,2,4,1,0,39,HIGH
2026-01-22,Kecap Asin,botol,35,10300,292,24,4,0,64,LOW
2026-01-17,Apel,kg,67,47300,20,3,6,1,76,MEDIUM
2026-04-04,Bakso,bungkus_500g,100,23800,5,0,6,1,99,MEDIUM
2026-06-14,Kecap Ikan,botol,92,17200,245,22,7,1,99,MEDIUM
2026-04-17,Saus Tiram,botol,105,13400,341,26,5,1,93,MEDIUM
2026-06-15,Pringles,kaleng,116,25100,306,23,1,0,32,MEDIUM
2026-01-01,Kentang,kg,13,20900,47,15,4,0,13,MEDIUM
2026-02-28,Roti Tawar,bungkus,52,17000,5,25,6,1,50,MEDIUM
2026-03-11,Apel,kg,43,47300,30,6,3,0,32,MEDIUM
2026-01-18,Jahe,kg,52,37200,30,19,7,1,57,MEDIUM
2026-05-31,Minyak Zaitun,botol_500ml,117,77100,430,23,7,1,86,MEDIUM
2026-04-16,Susu UHT,botol_1L,59,18000,7,5,4,0,84,MEDIUM
2026-02-18,Malkist,bungkus,48,7600,128,25,3,0,35,MEDIUM
2026-06-24,Daun Bawang,ikat,61,2300,4,9,3,0,65,MEDIUM
2026-06-04,Saus Inggris,botol,91,24000,292,24,4,0,79,MEDIUM
2026-03-04,Kecap Asin,botol,81,9900,305,26,3,0,44,MEDIUM
2026-06-18,Lada Putih,botol,117,16400,291,24,4,0,79,MEDIUM
2026-05-02,Semangka,buah,57,46600,10,12,6,1,33,MEDIUM
2026-02-25,Anggur,kg,66,58800,6,6,3,0,53,MEDIUM
2026-05-09,Timun,kg,79,11200,5,8,6,1,55,MEDIUM
2026-01-21,Apel,kg,70,40600,29,5,3,0,63,MEDIUM
2026-03-06,Saus Tiram,botol,93,15100,300,24,5,1,93,MEDIUM
2026-01-23,Susu UHT,botol_1L,63,18200,8,6,5,1,80,LOW
2026-03-19,Apel,kg,28,42000,30,6,4,0,11,MEDIUM
2026-05-20,Bakso,bungkus_500g,41,24600,3,4,3,0,46,MEDIUM
2026-02-27,Bakso,bungkus_500g,102,23600,3,1,5,1,38,HIGH
2026-05-15,Nanas,buah,63,14600,7,14,5,1,49,MEDIUM
2026-02-24,Gula Pasir,bungkus_1kg,76,16200,414,24,2,0,83,MEDIUM
2026-04-07,Apel,kg,47,44800,16,4,2,0,64,LOW
2026-03-28,Minyak Goreng,pouch_1L,53,18100,190,25,6,1,66,MEDIUM
2026-02-27,Roti Tawar,bungkus,50,19500,3,22,5,1,115,MEDIUM
2026-03-02,Jeruk,kg,61,30400,8,9,1,0,41,MEDIUM
2026-06-07,Saus Tiram,botol,40,13000,253,24,7,1,88,LOW
2026-06-19,Daun Bawang,ikat,75,2600,5,8,5,1,112,MEDIUM
2026-01-28,Semangka,buah,83,47700,6,13,3,0,73,MEDIUM
2026-04-24,Susu UHT,botol_1L,32,17900,10,3,5,1,34,MEDIUM
2026-03-15,Bayam,ikat,67,3700,2,6,7,1,68,MEDIUM
2026-03-29,Kecap Ikan,botol,116,15100,236,23,7,1,37,MEDIUM
2026-04-06,Kentang,kg,18,23900,50,14,1,0,13,MEDIUM
2026-03-26,Timun,kg,27,11500,6,10,4,0,64,MEDIUM
2026-05-25,Durian,buah,61,81200,3,13,1,0,98,MEDIUM
2026-03-14,Jeruk,kg,58,27100,8,10,6,1,45,MEDIUM
2026-05-28,Kusuka,bungkus,28,9000,104,26,4,0,91,LOW
2026-01-19,Tepung Terigu,bungkus_1kg,71,13800,85,25,1,0,40,MEDIUM
2026-06-26,Durian,buah,115,70400,2,14,5,1,80,HIGH
2026-01-19,Semangka,buah,52,47800,7,12,1,0,90,MEDIUM
2026-02-18,Tepung Terigu,bungkus_1kg,118,14800,112,25,3,0,86,MEDIUM
2026-05-24,Kentang,kg,70,21500,45,14,7,1,75,MEDIUM
2026-04-28,Apel,kg,25,45800,20,5,2,0,67,LOW
2026-05-14,Apel,kg,29,46500,27,4,4,0,25,MEDIUM
2026-06-03,Tepung Terigu,bungkus_1kg,97,14000,116,26,3,0,85,MEDIUM
2026-03-04,Daging Sapi,kg,61,151200,4,1,3,0,13,MEDIUM
2026-05-22,Chitato,bungkus,49,12400,133,23,5,1,75,LOW
2026-01-13,Jeruk,kg,35,26400,10,9,2,0,30,MEDIUM
2026-03-28,Nanas,buah,96,14700,7,11,6,1,44,MEDIUM
2026-03-25,Melon,buah,78,35700,8,11,3,0,60,MEDIUM
2026-04-10,Jeruk,kg,25,27100,11,12,5,1,33,LOW
2026-04-10,Tauge,bungkus_250g,37,5300,2,8,5,1,31,HIGH
2026-02-20,Kecap Ikan,botol,90,16300,263,24,5,1,74,MEDIUM
2026-02-22,Lada Hitam,botol,67,19300,190,25,7,1,25,MEDIUM
2026-05-02,Udang,kg,32,120800,3,0,6,1,74,MEDIUM
2026-04-03,Bakso,bungkus_500g,36,22700,7,0,5,1,48,MEDIUM
2026-01-11,Saus Inggris,botol,91,21100,193,23,7,1,58,MEDIUM
2026-05-20,Saus Inggris,botol,53,23400,324,22,3,0,55,MEDIUM
2026-04-25,Telur,10-butir,31,26200,8,3,6,1,21,MEDIUM
2026-03-26,Tauge,bungkus_250g,23,5200,2,7,4,0,96,MEDIUM
2026-03-22,Bawang Bombay,kg,15,38600,24,18,7,1,20,LOW
2026-05-07,Daun Bawang,ikat,92,2500,5,9,4,0,16,MEDIUM
2026-02-22,Saus Tiram,botol,29,14900,187,25,7,1,118,LOW
2026-04-16,Daun Bawang,ikat,33,2600,4,10,4,0,68,MEDIUM
2026-02-19,Minyak Zaitun,botol_500ml,58,92200,494,22,4,0,34,MEDIUM
2026-05-09,Tepung Terigu,bungkus_1kg,57,12700,103,25,6,1,62,MEDIUM
2026-03-15,Bakso,bungkus_500g,36,26200,5,1,7,1,78,MEDIUM
2026-04-30,Keju,blok_165g,40,22500,68,2,4,0,84,LOW
2026-01-18,Garam,bungkus_500g,76,3800,1002,24,7,1,108,LOW
2026-04-20,Lada Putih,botol,51,14900,202,24,1,0,40,MEDIUM
2026-02-26,Kecap Ikan,botol,106,14500,212,26,4,0,45,MEDIUM
2026-01-02,Durian,buah,66,73400,5,15,5,1,56,MEDIUM
2026-06-28,Malkist,bungkus,37,6900,163,27,7,1,103,LOW
2026-05-18,Tomat,kg,61,19700,6,11,1,0,58,MEDIUM
2026-06-13,Air Mineral 250ml,botol,66,3100,683,24,6,1,32,MEDIUM
2026-05-27,Durian,buah,113,70500,4,13,3,0,33,MEDIUM
2026-05-20,Kentang,kg,43,20300,38,13,3,0,62,LOW
2026-04-22,Udang,kg,35,109500,3,2,3,0,39,MEDIUM
2026-01-03,Tepung Terigu,bungkus_1kg,77,15100,103,25,6,1,108,LOW
2026-03-23,Jahe,kg,11,34300,25,21,1,0,46,LOW
2026-03-14,Roti Tawar,bungkus,34,18500,4,25,6,1,32,MEDIUM
2026-03-18,Sasa (MSG),bungkus_250g,72,5300,607,26,3,0,64,MEDIUM
2026-06-09,Kecap Asin,botol,34,9700,311,24,2,0,99,LOW
2026-04-18,Tepung Terigu,bungkus_1kg,80,15400,80,26,6,1,61,MEDIUM
2026-06-17,Jahe,kg,32,32900,17,22,3,0,68,LOW
2026-04-16,Bayam,ikat,63,3900,2,5,4,0,26,HIGH
2026-01-09,Daun Bawang,ikat,88,2600,6,8,5,1,81,MEDIUM
2026-04-20,Saus Sambal,botol,96,10700,221,25,1,0,72,MEDIUM
2026-02-02,Susu UHT,botol_1L,75,20600,9,3,1,0,86,MEDIUM
2026-06-20,Nanas,buah,57,13700,6,12,6,1,34,MEDIUM
2026-01-10,Daun Bawang,ikat,23,2300,6,6,6,1,38,MEDIUM
2026-04-08,Saus Tiram,botol,86,15000,325,24,3,0,23,MEDIUM
2026-06-12,Saus Sambal,botol,97,11000,352,23,5,1,21,MEDIUM
2026-01-28,Lada Putih,botol,99,14200,277,24,3,0,90,MEDIUM
